契約,到期月份(週別),開盤價,最高價,最低價,收盤價,漲跌價,漲跌%,成交量,結算價,未沖銷契約數,最後最佳買價,最後最佳賣價,歷史最高價,歷史最低價,是否因訊息面暫停交易,價差對單式委託成交量
TX,202401  ,17838,17920,17751,17798,-72,-0.40%,82827.0,17800,103404,17798,17800,17920,16001,,
TX,202401  ,17871,17878,17766,17826,-44,-0.25%,33681.0,-,-,17826,17828,17900,16001,,
TX,202401  ,17658,17667,17507,17546,-254,-1.43%,97851.0,17545,106526,17546,17549,17920,16001,,
TX,202401  ,17793,17817,17652,17674,-126,-0.71%,51826.0,-,-,17673,17675,17920,16001,,
TX,202401  ,17525,17583,17525,17546,1,0.01%,57402.0,17550,102022,17545,17547,17920,16001,,
TX,202401  ,17544,17585,17479,17536,-9,-0.05%,51903.0,-,-,17536,17537,17920,16001,,
TX,202401  ,17577,17626,17491,17519,-31,-0.18%,77062.0,17518,101818,17516,17519,17920,16001,,
TX,202401  ,17571,17609,17539,17555,5,0.03%,43221.0,-,-,17553,17555,17920,16001,,
TX,202401  ,17572,17706,17568,17595,77,0.44%,86585.0,17595,102591,17595,17596,17920,16001,,
TX,202401  ,17510,17605,17452,17547,29,0.17%,67315.0,-,-,17547,17548,17920,16001,,
TX,202401  ,17770,17782,17526,17545,-50,-0.28%,96286.0,17547,103756,17545,17546,17920,16001,,
TX,202401  ,17595,17774,17535,17767,172,0.98%,55350.0,-,-,17768,17771,17920,16001,,
TX,202401  ,17509,17521,17439,17458,-89,-0.51%,70327.0,17460,102213,17458,17460,17920,16001,,
TX,202401  ,17544,17555,17431,17507,-40,-0.23%,65943.0,-,-,17507,17510,17920,16001,,
TX,202401  ,17490,17606,17481,17575,115,0.66%,86899.0,17570,100653,17573,17574,17920,16001,,
TX,202401  ,17450,17535,17441,17469,9,0.05%,49521.0,-,-,17469,17470,17920,16001,,
TX,202401  ,17466,17570,17447,17489,-81,-0.46%,83946.0,17487,90295,17489,17490,17920,16001,,
TX,202401  ,17571,17595,17397,17485,-85,-0.48%,77602.0,-,-,17488,17490,17920,16001,,
TX,202401  ,17580,17655,17527,17559,72,0.41%,137809.0,17554,59653,17557,17559,17920,16001,,
TX,202401  ,17487,17535,17411,17492,5,0.03%,58099.0,-,-,17491,17493,17920,16001,,
TX,202401  ,17480,17499,17321,17333,-221,-1.26%,123488.0,17333,36428,17333,17335,17920,16001,,
TX,202401  ,17569,17576,17530,17572,18,0.10%,21544.0,-,-,17567,17572,17920,16001,,
TX,202401  ,17313,17344,17159,17167,-166,-0.96%,63464.0,0,23542,17167,17168,17920,16001,,
TX,202401  ,17342,17375,17285,17328,-5,-0.03%,51670.0,-,-,17328,17331,17920,16001,,
TX,202402  ,17240,17326,17215,17280,45,0.26%,90702.0,17282,79622,17279,17282,17906,17148,,
TX,202402  ,17204,17244,17162,17225,-10,-0.06%,50413.0,-,-,17224,17227,17906,17148,,
TX,202402  ,17541,17684,17504,17678,396,2.29%,111839.0,17674,82596,17676,17678,17906,17148,,
TX,202402  ,17376,17516,17333,17515,233,1.35%,85732.0,-,-,17514,17515,17906,17148,,
TX,202402  ,17816,17843,17747,17817,143,0.81%,83035.0,17815,80566,17816,17818,17906,17148,,
TX,202402  ,17685,17779,17650,17779,105,0.59%,67007.0,-,-,17773,17779,17906,17148,,
TX,202402  ,17799,17877,17790,17870,55,0.31%,77256.0,17868,81014,17870,17873,17906,17148,,
TX,202402  ,17802,17834,17766,17787,-28,-0.16%,39900.0,-,-,17787,17791,17906,17148,,
TX,202402  ,17903,17941,17876,17903,35,0.20%,65654.0,17896,79857,17899,17903,17941,17148,,
TX,202402  ,17879,17937,17863,17926,58,0.32%,43514.0,-,-,17921,17923,17937,17148,,
TX,202402  ,18016,18030,17935,17995,99,0.55%,74949.0,17997,81602,17996,17998,18090,17148,,
TX,202402  ,17915,18090,17903,18012,116,0.65%,61551.0,-,-,18012,18014,18090,17148,,
TX,202402  ,17951,18023,17936,17999,2,0.01%,65973.0,17999,81748,17999,18000,18090,17148,,
TX,202402  ,18009,18078,17982,18028,31,0.17%,49911.0,-,-,18024,18028,18090,17148,,
TX,202402  ,18011,18135,17970,18125,126,0.70%,73311.0,18123,84626,18124,18125,18135,17148,,
TX,202402  ,17992,18061,17960,18018,19,0.11%,49342.0,-,-,18018,18021,18090,17148,,
TX,202402  ,18129,18139,18064,18081,-42,-0.23%,63313.0,18081,80335,18081,18082,18152,17148,,
TX,202402  ,18126,18152,18058,18115,-8,-0.04%,44540.0,-,-,18116,18117,18152,17148,,
TX,202402  ,17990,18003,17904,17920,-161,-0.89%,78949.0,17921,78494,17921,17923,18152,17148,,
TX,202402  ,18063,18066,17997,18041,-40,-0.22%,41792.0,-,-,18036,18041,18152,17148,,
TX,202402  ,17956,17994,17882,17986,65,0.36%,82846.0,17985,79266,17986,17987,18152,17148,,
TX,202402  ,17915,18044,17892,17898,-23,-0.13%,67540.0,-,-,17901,17902,18152,17148,,
TX,202402  ,18100,18105,18023,18084,99,0.55%,64193.0,18084,79503,18084,18086,18152,17148,,
TX,202402  ,17966,18061,17951,18054,69,0.38%,49266.0,-,-,18050,18053,18152,17148,,
TX,202402  ,18008,18102,17958,18086,2,0.01%,72290.0,18085,76564,18085,18086,18152,17148,,
TX,202402  ,18080,18084,17985,18058,-26,-0.14%,53437.0,-,-,18052,18057,18152,17148,,
TX,202402  ,18590,18696,18531,18667,582,3.22%,112201.0,18666,76320,18665,18667,18696,17148,,
TX,202402  ,18086,18107,18026,18104,19,0.11%,30127.0,-,-,18104,18105,18152,17148,,
TX,202402  ,18683,18726,18633,18634,-32,-0.17%,65410.0,18639,71159,18632,18635,18727,17148,,
TX,202402  ,18666,18727,18657,18705,39,0.21%,34402.0,-,-,18702,18705,18727,17148,,
TX,202402  ,18680,18692,18619,18671,32,0.17%,80197.0,18669,51848,18671,18673,18727,17148,,
TX,202402  ,18636,18683,18618,18641,2,0.01%,34323.0,-,-,18639,18640,18727,17148,,
TX,202402  ,18634,18754,18596,18753,84,0.45%,86334.0,18751,29534,18752,18754,18754,17148,,
TX,202402  ,18678,18678,18649,18656,-13,-0.07%,10352.0,-,-,18656,18661,18727,17148,,
TX,202402  ,18738,18750,18659,18670,-81,-0.43%,41207.0,0,14640,18670,18671,18817,17148,,
TX,202402  ,18773,18817,18708,18756,5,0.03%,36954.0,-,-,18754,18757,18817,17148,,
TX,202403  ,18887,18890,18751,18889,196,1.05%,84610.0,18886,74973,18887,18889,18890,14451,,
TX,202403  ,18692,18717,18670,18715,22,0.12%,34096.0,-,-,18713,18715,18819,14451,,
TX,202403  ,18990,19000,18898,18913,27,0.14%,80858.0,18912,75413,18912,18913,19004,14451,,
TX,202403  ,18888,19004,18888,19003,117,0.62%,45956.0,-,-,19002,19003,19004,14451,,
TX,202403  ,18907,18996,18853,18963,51,0.27%,68087.0,18964,77674,18963,18965,19004,14451,,
TX,202403  ,18917,18948,18874,18926,14,0.07%,38104.0,-,-,18926,18930,19004,14451,,
TX,202403  ,18950,19020,18750,18867,-97,-0.51%,120451.0,18870,76800,18866,18868,19020,14451,,
TX,202403  ,18968,18993,18956,18968,4,0.02%,27970.0,-,-,18963,18969,19004,14451,,
TX,202403  ,18808,18997,18805,18966,96,0.51%,84818.0,18961,77669,18963,18967,19020,14451,,
TX,202403  ,18871,18929,18870,18881,11,0.06%,29799.0,-,-,18881,18892,19020,14451,,
TX,202403  ,18968,19017,18924,18961,0,0.00%,75198.0,18961,76059,18961,18962,19020,14451,,
TX,202403  ,18961,19000,18891,18954,-7,-0.04%,52330.0,-,-,18953,18960,19020,14451,,
TX,202403  ,19144,19340,19137,19314,353,1.86%,97821.0,19311,78964,19313,19314,19340,14451,,
TX,202403  ,18970,19175,18912,19124,163,0.86%,65005.0,-,-,19124,19127,19175,14451,,
TX,202403  ,19362,19436,19305,19389,78,0.40%,83640.0,19390,78397,19389,19390,19437,14451,,
TX,202403  ,19314,19437,19312,19377,66,0.34%,54617.0,-,-,19375,19377,19437,14451,,
TX,202403  ,19282,19523,19271,19509,119,0.61%,96101.0,19507,77454,19508,19509,19523,14451,,
TX,202403  ,19371,19387,19217,19267,-123,-0.63%,54051.0,-,-,19270,19274,19437,14451,,
TX,202403  ,19688,19770,19584,19709,202,1.04%,122063.0,19702,75980,19706,19709,19770,14451,,
TX,202403  ,19521,19767,19488,19695,188,0.96%,77534.0,-,-,19695,19699,19767,14451,,
TX,202403  ,19930,20009,19638,19791,89,0.45%,172140.0,19794,74424,19791,19793,20009,14451,,
TX,202403  ,19693,19972,19647,19949,247,1.25%,84320.0,-,-,19946,19950,19972,14451,,
TX,202403  ,19691,19825,19679,19715,-79,-0.40%,97483.0,19716,72175,19714,19717,20009,14451,,
TX,202403  ,19790,19992,19665,19719,-75,-0.38%,125394.0,-,-,19717,19722,20009,14451,,
TX,202403  ,19714,19956,19698,19955,239,1.21%,91498.0,19954,75208,19955,19956,20009,14451,,
TX,202403  ,19722,19772,19655,19678,-38,-0.19%,59671.0,-,-,19676,19678,20009,14451,,
TX,202403  ,19994,20064,19886,19927,-27,-0.14%,111450.0,19928,74018,19926,19927,20064,14451,,
TX,202403  ,19956,20005,19865,19991,37,0.19%,80635.0,-,-,19989,19990,20009,14451,,
TX,202403  ,19897,19978,19799,19939,11,0.06%,108905.0,19940,75728,19940,19941,20064,14451,,
TX,202403  ,19932,19958,19830,19883,-45,-0.23%,42778.0,-,-,19874,19883,20064,14451,,
TX,202403  ,19828,19873,19723,19730,-210,-1.05%,109827.0,19728,74667,19729,19731,20064,14451,,
TX,202403  ,19959,19966,19808,19859,-81,-0.41%,48254.0,-,-,19856,19863,20064,14451,,
TX,202403  ,19778,19920,19747,19919,191,0.97%,100312.0,19914,54819,19914,19919,20064,14451,,
TX,202403  ,19733,19798,19710,19754,26,0.13%,46939.0,-,-,19750,19755,20064,14451,,
TX,202403  ,19816,19911,19739,19867,-47,-0.24%,106964.0,19867,33641,19867,19870,20064,14451,,
TX,202403  ,19917,19965,19840,19869,-45,-0.23%,43370.0,-,-,19865,19869,20064,14451,,
TX,202403  ,19860,19956,19731,19747,-120,-0.60%,70463.0,0,21160,19747,19748,20064,14451,,
TX,202403  ,19880,19887,19760,19857,-10,-0.05%,41095.0,-,-,19854,19857,20064,14451,,
TX,202404  ,20048,20264,20029,20264,431,2.17%,110169.0,20260,74326,20263,20264,20264,17220,,
TX,202404  ,19838,20001,19831,19982,149,0.75%,53748.0,-,-,19982,19989,20056,17220,,
TX,202404  ,20226,20285,20122,20242,-18,-0.09%,94477.0,20240,69360,20241,20246,20358,17220,,
TX,202404  ,20275,20358,20181,20206,-54,-0.27%,70467.0,-,-,20205,20210,20358,17220,,
TX,202404  ,20256,20307,20188,20231,-9,-0.04%,72613.0,20229,69854,20229,20233,20358,17220,,
TX,202404  ,20221,20263,20185,20232,-8,-0.04%,41670.0,-,-,20229,20232,20358,17220,,
TX,202404  ,20280,20459,20038,20187,-42,-0.21%,173550.0,20185,71018,20183,20187,20459,17220,,
TX,202404  ,20220,20278,20162,20238,9,0.04%,39919.0,-,-,20238,20240,20358,17220,,
TX,202404  ,20185,20288,20148,20261,76,0.38%,86234.0,20258,71921,20260,20261,20459,17220,,
TX,202404  ,20205,20223,20127,20140,-45,-0.22%,41156.0,-,-,20140,20142,20459,17220,,
TX,202404  ,20238,20250,20081,20203,-55,-0.27%,103798.0,20202,73979,20202,20204,20459,17220,,
TX,202404  ,20255,20285,20183,20242,-16,-0.08%,46943.0,-,-,20241,20242,20459,17220,,
TX,202404  ,20226,20299,20192,20280,78,0.39%,84010.0,20278,75653,20279,20280,20459,17220,,
TX,202404  ,20192,20270,20156,20211,9,0.04%,44704.0,-,-,20211,20213,20459,17220,,
TX,202404  ,20393,20400,20259,20288,10,0.05%,83567.0,20293,75298,20288,20291,20459,17220,,
TX,202404  ,20287,20386,20285,20343,65,0.32%,30217.0,-,-,20342,20343,20459,17220,,
TX,202404  ,20350,20524,20350,20523,230,1.13%,96508.0,20521,80556,20522,20523,20524,17220,,
TX,202404  ,20290,20397,20283,20367,74,0.36%,47377.0,-,-,20365,20367,20459,17220,,
TX,202404  ,20370,20419,20275,20349,-172,-0.84%,111570.0,20351,75377,20353,20354,20554,17220,,
TX,202404  ,20539,20554,20417,20451,-70,-0.34%,52891.0,-,-,20452,20453,20554,17220,,
TX,202404  ,20404,20520,20375,20450,99,0.49%,85815.0,20447,75084,20449,20450,20554,17220,,
TX,202404  ,20349,20487,20342,20453,102,0.50%,45681.0,-,-,20451,20456,20554,17220,,
TX,202404  ,20538,20877,20518,20874,427,2.09%,117238.0,20869,77274,20872,20874,20877,17220,,
TX,202404  ,20448,20561,20427,20505,58,0.28%,46219.0,-,-,20502,20505,20561,17220,,
TX,202404  ,20822,20892,20804,20851,-18,-0.09%,75731.0,20848,74809,20850,20852,20893,17220,,
TX,202404  ,20885,20893,20749,20822,-47,-0.23%,60251.0,-,-,20821,20829,20893,17220,,
TX,202404  ,20706,20764,20651,20753,-95,-0.46%,88537.0,20752,74658,20753,20754,20893,17220,,
TX,202404  ,20859,20874,20681,20713,-135,-0.65%,72161.0,-,-,20713,20714,20893,17220,,
TX,202404  ,20745,20809,20682,20755,3,0.01%,91615.0,20753,69576,20754,20755,20893,17220,,
TX,202404  ,20728,20777,20630,20768,16,0.08%,62321.0,-,-,20765,20769,20893,17220,,
TX,202404  ,20544,20605,20460,20508,-245,-1.18%,114946.0,20506,52136,20505,20508,20893,17220,,
TX,202404  ,20760,20767,20489,20492,-261,-1.26%,70538.0,-,-,20491,20492,20893,17220,,
TX,202404  ,20278,20286,19798,19953,-553,-2.70%,175352.0,19947,27252,19945,19952,20893,17220,,
TX,202404  ,20498,20588,20254,20290,-216,-1.05%,71781.0,-,-,20289,20293,20893,17220,,
TX,202404  ,19942,20289,19927,20238,291,1.46%,73085.0,0,14384,20237,20238,20893,17220,,
TX,202404  ,19926,19974,19821,19924,-23,-0.12%,61058.0,-,-,19925,19928,20893,17220,,
TX,202405  ,20070,20359,20025,20358,169,0.84%,120221.0,20353,70527,20355,20358,20918,18754,,
TX,202405  ,20148,20171,19933,20019,-170,-0.84%,78254.0,-,-,20011,20020,20918,18754,,
TX,202405  ,19840,19924,19265,19546,-807,-3.97%,237961.0,19559,69324,19547,19549,20918,18754,,
TX,202405  ,20380,20449,19915,19998,-355,-1.74%,130556.0,-,-,19994,19998,20918,18754,,
TX,202405  ,19620,19715,19445,19524,-35,-0.18%,135191.0,19528,64468,19526,19527,20918,18754,,
TX,202405  ,19615,19766,19559,19585,26,0.13%,92446.0,-,-,19585,19588,20918,18754,,
TX,202405  ,19651,19745,19554,19677,149,0.76%,100612.0,19680,66999,19677,19681,20918,18754,,
TX,202405  ,19559,19728,19492,19684,156,0.80%,54991.0,-,-,19683,19686,20918,18754,,
TX,202405  ,19930,20202,19916,20170,490,2.49%,101458.0,20170,70681,20170,20175,20918,18754,,
TX,202405  ,19690,19888,19678,19882,202,1.03%,56818.0,-,-,19876,19878,20918,18754,,
TX,202405  ,19940,19979,19834,19885,-285,-1.41%,96972.0,19880,67785,19877,19884,20918,18754,,
TX,202405  ,20159,20160,19934,19970,-200,-0.99%,81449.0,-,-,19970,19972,20918,18754,,
TX,202405  ,20126,20271,20070,20178,298,1.50%,113798.0,20176,68404,20178,20181,20918,18754,,
TX,202405  ,19883,20139,19710,20130,250,1.26%,124035.0,-,-,20128,20130,20918,18754,,
TX,202405  ,20350,20560,20310,20552,376,1.86%,97993.0,20550,73761,20551,20552,20918,18754,,
TX,202405  ,20201,20266,20120,20252,76,0.38%,66992.0,-,-,20245,20253,20918,18754,,
TX,202405  ,20518,20576,20404,20413,-137,-0.67%,77061.0,20413,70218,20412,20413,20918,18754,,
TX,202405  ,20528,20550,20402,20505,-45,-0.22%,53184.0,-,-,20505,20510,20918,18754,,
TX,202405  ,20250,20380,20215,20291,-122,-0.60%,90193.0,20292,69380,20291,20292,20918,18754,,
TX,202405  ,20445,20466,20265,20271,-142,-0.70%,68790.0,-,-,20269,20277,20918,18754,,
TX,202405  ,20548,20597,20306,20382,90,0.44%,100974.0,20382,70362,20380,20382,20918,18754,,
TX,202405  ,20291,20514,20192,20513,221,1.09%,79386.0,-,-,20510,20514,20918,18754,,
TX,202405  ,20685,20714,20562,20602,220,1.08%,83722.0,20601,73198,20599,20602,20918,18754,,
TX,202405  ,20366,20694,20333,20682,300,1.47%,79907.0,-,-,20682,20685,20918,18754,,
TX,202405  ,20733,20756,20536,20650,49,0.24%,85595.0,20648,71409,20640,20650,20918,18754,,
TX,202405  ,20624,20760,20610,20743,142,0.69%,41046.0,-,-,20742,20743,20918,18754,,
TX,202405  ,20618,20738,20574,20725,77,0.37%,73449.0,20724,71217,20719,20725,20918,18754,,
TX,202405  ,20655,20684,20609,20627,-21,-0.10%,36969.0,-,-,20627,20630,20918,18754,,
TX,202405  ,20707,20763,20605,20612,-112,-0.54%,79443.0,20612,67471,20612,20615,20918,18754,,
TX,202405  ,20750,20756,20614,20722,-2,-0.01%,52248.0,-,-,20718,20722,20918,18754,,
TX,202405  ,20738,20828,20616,20809,197,0.96%,97925.0,20812,63044,20809,20815,20918,18754,,
TX,202405  ,20606,20722,20559,20700,88,0.43%,50064.0,-,-,20700,20709,20918,18754,,
TX,202405  ,20942,20965,20833,20883,71,0.34%,98279.0,20881,42670,20881,20882,20984,18754,,
TX,202405  ,20834,20984,20827,20948,136,0.65%,61960.0,-,-,20944,20948,20984,18754,,
TX,202405  ,20892,21015,20868,21013,132,0.63%,83853.0,21006,29010,21008,21013,21015,18754,,
TX,202405  ,20887,20944,20853,20883,2,0.01%,30091.0,-,-,20876,20884,20984,18754,,
TX,202405  ,21184,21361,21116,21143,137,0.65%,63511.0,0,13984,21142,21143,21361,18754,,
TX,202405  ,21018,21177,20944,21170,164,0.78%,44716.0,-,-,21170,21171,21177,18754,,
TX,202406  ,21465,21556,21326,21370,127,0.60%,104856.0,21372,69086,21370,21371,21556,16016,,
TX,202406  ,21244,21484,21240,21453,210,0.99%,62347.0,-,-,21448,21454,21484,16016,,
TX,202406  ,21303,21407,21288,21336,-36,-0.17%,71837.0,21335,69083,21335,21336,21556,16016,,
TX,202406  ,21351,21440,21268,21285,-87,-0.41%,48216.0,-,-,21282,21285,21556,16016,,
TX,202406  ,21435,21485,21153,21302,-33,-0.15%,109398.0,21299,70697,21297,21302,21556,16016,,
TX,202406  ,21346,21460,21304,21388,53,0.25%,41838.0,-,-,21384,21388,21556,16016,,
TX,202406  ,21324,21350,21165,21277,-22,-0.10%,74973.0,21282,71764,21277,21278,21556,16016,,
TX,202406  ,21314,21387,21239,21363,64,0.30%,42056.0,-,-,21360,21364,21556,16016,,
TX,202406  ,21293,21613,21283,21583,301,1.41%,95352.0,21581,78353,21582,21584,21613,16016,,
TX,202406  ,21282,21335,21260,21311,29,0.14%,33101.0,-,-,21310,21312,21556,16016,,
TX,202406  ,21630,21661,21492,21604,23,0.11%,85458.0,21605,76142,21603,21605,21661,16016,,
TX,202406  ,21576,21593,21433,21549,-32,-0.15%,48873.0,-,-,21549,21553,21613,16016,,
TX,202406  ,21448,21617,21414,21565,-40,-0.19%,74314.0,21568,76945,21565,21567,21691,16016,,
TX,202406  ,21606,21691,21390,21421,-184,-0.85%,79324.0,-,-,21421,21427,21691,16016,,
TX,202406  ,21670,21917,21655,21875,307,1.42%,88063.0,21870,78958,21872,21875,21917,16016,,
TX,202406  ,21560,21698,21544,21655,87,0.40%,48736.0,-,-,21655,21660,21698,16016,,
TX,202406  ,21892,21994,21845,21954,84,0.38%,71888.0,21951,79564,21953,21954,21994,16016,,
TX,202406  ,21872,21928,21855,21900,30,0.14%,20920.0,-,-,21889,21900,21928,16016,,
TX,202406  ,21865,21907,21720,21722,-229,-1.04%,85938.0,21730,79859,21726,21727,21994,16016,,
TX,202406  ,21956,21970,21833,21919,-32,-0.15%,43209.0,-,-,21917,21919,21994,16016,,
TX,202406  ,21512,21553,21368,21391,-339,-1.56%,100242.0,21395,79612,21390,21392,21994,16016,,
TX,202406  ,21722,21741,21547,21556,-174,-0.80%,59709.0,-,-,21556,21563,21994,16016,,
TX,202406  ,21505,21583,21253,21285,-110,-0.51%,130856.0,21288,83655,21283,21288,21994,16016,,
TX,202406  ,21404,21641,21397,21563,168,0.79%,67887.0,-,-,21561,21563,21994,16016,,
TX,202406  ,21469,21698,21424,21654,366,1.72%,116258.0,21655,86389,21651,21654,21994,16016,,
TX,202406  ,21287,21428,21129,21353,65,0.31%,95267.0,-,-,21352,21365,21994,16016,,
TX,202406  ,21560,21574,21284,21320,-335,-1.55%,111097.0,21327,83092,21320,21324,21994,16016,,
TX,202406  ,21653,21666,21405,21559,-96,-0.44%,71733.0,-,-,21557,21562,21994,16016,,
TX,202406  ,21350,21493,21226,21463,136,0.64%,108838.0,21460,82316,21463,21467,21994,16016,,
TX,202406  ,21286,21334,21135,21302,-25,-0.12%,81620.0,-,-,21297,21303,21994,16016,,
TX,202406  ,21825,21962,21791,21875,415,1.93%,109836.0,21873,82862,21872,21875,21994,16016,,
TX,202406  ,21458,21799,21373,21787,327,1.52%,78334.0,-,-,21787,21790,21994,16016,,
TX,202406  ,21839,21908,21781,21897,24,0.11%,69801.0,21894,80182,21894,21897,21994,16016,,
TX,202406  ,21893,21932,21743,21814,-59,-0.27%,65022.0,-,-,21814,21815,21994,16016,,
TX,202406  ,21920,21970,21783,21798,-96,-0.44%,94289.0,21801,75320,21798,21802,21994,16016,,
TX,202406  ,21898,21928,21730,21793,-101,-0.46%,69468.0,-,-,21793,21797,21994,16016,,
TX,202406  ,21829,22063,21790,22046,245,1.12%,95615.0,22046,78963,22045,22047,22063,16016,,
TX,202406  ,21816,21858,21646,21837,36,0.17%,56673.0,-,-,21834,21840,21994,16016,,
TX,202406  ,22308,22473,22207,22323,277,1.26%,114828.0,22325,75421,22323,22326,22473,16016,,
TX,202406  ,22056,22340,22020,22286,240,1.09%,76415.0,-,-,22285,22290,22340,16016,,
TX,202406  ,22274,22514,22270,22511,186,0.83%,86467.0,22510,71619,22511,22513,22514,16016,,
TX,202406  ,22325,22403,22181,22270,-55,-0.25%,67383.0,-,-,22265,22270,22473,16016,,
TX,202406  ,22430,22554,22420,22477,-33,-0.15%,91913.0,22477,45429,22475,22477,22554,16016,,
TX,202406  ,22500,22506,22363,22457,-53,-0.24%,55879.0,-,-,22457,22463,22514,16016,,
TX,202406  ,22726,22812,22666,22786,309,1.37%,98310.0,22786,29985,22783,22784,22812,16016,,
TX,202406  ,22489,22767,22482,22734,257,1.14%,56101.0,-,-,22733,22734,22767,16016,,
TX,202406  ,22956,23291,22940,23225,439,1.93%,79725.0,0,15948,23225,23226,23291,16016,,
TX,202406  ,22785,23008,22774,22947,161,0.71%,57576.0,-,-,22941,22947,23008,16016,,
TX,202407  ,23153,23380,23106,23378,243,1.05%,90192.0,23377,79838,23378,23379,23380,19165,,
TX,202407  ,23150,23228,23085,23144,9,0.04%,40683.0,-,-,23135,23146,23228,19165,,
TX,202407  ,23034,23291,23025,23210,-167,-0.71%,98199.0,23207,79392,23207,23210,23400,19165,,
TX,202407  ,23354,23400,22974,23058,-319,-1.36%,93075.0,-,-,23054,23060,23400,19165,,
TX,202407  ,23050,23073,22708,22746,-461,-1.99%,125022.0,22754,77031,22746,22750,23400,19165,,
TX,202407  ,23198,23211,22700,23030,-177,-0.76%,95856.0,-,-,23030,23031,23400,19165,,
TX,202407  ,22608,22776,22410,22743,-11,-0.05%,126047.0,22747,76265,22741,22743,23400,19165,,
TX,202407  ,22768,22850,22572,22590,-164,-0.72%,76947.0,-,-,22586,22597,23400,19165,,
TX,202407  ,22806,23005,22744,22872,125,0.55%,113347.0,22876,80383,22870,22872,23400,19165,,
TX,202407  ,22722,22819,22611,22816,69,0.30%,57595.0,-,-,22809,22816,23400,19165,,
TX,202407  ,22614,22822,22555,22793,-83,-0.36%,83796.0,22797,78201,22793,22794,23400,19165,,
TX,202407  ,22870,22938,22612,22685,-191,-0.83%,77898.0,-,-,22681,22690,23400,19165,,
TX,202407  ,22908,23117,22793,22983,186,0.82%,103428.0,22980,81762,22983,22984,23400,19165,,
TX,202407  ,22810,22967,22751,22858,61,0.27%,72131.0,-,-,22857,22858,23400,19165,,
TX,202407  ,22960,23166,22938,22991,11,0.05%,83651.0,22993,82025,22990,22991,23400,19165,,
TX,202407  ,22978,23104,22850,22945,-35,-0.15%,69865.0,-,-,22945,22947,23400,19165,,
TX,202407  ,22838,22993,22717,22831,-162,-0.70%,104985.0,22835,80084,22830,22832,23400,19165,,
TX,202407  ,23000,23013,22800,22917,-76,-0.33%,66816.0,-,-,22917,22920,23400,19165,,
TX,202407  ,23073,23188,22981,23185,350,1.53%,83985.0,23183,82758,23185,23186,23400,19165,,
TX,202407  ,22820,23096,22752,23051,216,0.95%,64970.0,-,-,23049,23053,23400,19165,,
TX,202407  ,23487,23626,23461,23624,441,1.90%,88198.0,23621,83790,23624,23625,23626,19165,,
TX,202407  ,23202,23494,23171,23470,287,1.24%,62182.0,-,-,23467,23470,23494,19165,,
TX,202407  ,23659,23677,23526,23570,-51,-0.22%,60596.0,23571,82017,23569,23572,23697,19165,,
TX,202407  ,23626,23697,23565,23608,-13,-0.06%,33364.0,-,-,23608,23615,23697,19165,,
TX,202407  ,23545,23994,23512,23913,342,1.45%,107009.0,23909,85253,23911,23913,23994,19165,,
TX,202407  ,23581,23673,23461,23563,-8,-0.03%,53890.0,-,-,23565,23567,23697,19165,,
TX,202407  ,23945,24092,23624,23878,-31,-0.13%,130797.0,23881,83035,23879,23882,24092,19165,,
TX,202407  ,23912,24053,23812,23868,-41,-0.17%,59905.0,-,-,23868,23870,24053,19165,,
TX,202407  ,23759,24014,23702,24000,119,0.50%,106474.0,24002,83357,24001,24004,24092,19165,,
TX,202407  ,23856,23874,23710,23766,-115,-0.48%,48746.0,-,-,23761,23775,24092,19165,,
TX,202407  ,24251,24405,24160,24367,365,1.52%,93552.0,24371,82254,24367,24370,24405,19165,,
TX,202407  ,24010,24252,23996,24251,249,1.04%,60251.0,-,-,24247,24251,24252,19165,,
TX,202407  ,24038,24070,23784,23808,-563,-2.31%,115064.0,23814,76346,23807,23810,24449,19165,,
TX,202407  ,24346,24449,23981,24049,-322,-1.32%,100023.0,-,-,24047,24050,24449,19165,,
TX,202407  ,24091,24112,23756,23853,39,0.16%,128376.0,23851,51912,23850,23853,24449,19165,,
TX,202407  ,23820,24184,23790,24055,241,1.01%,84470.0,-,-,24043,24051,24449,19165,,
TX,202407  ,23830,24182,23824,24002,151,0.63%,129269.0,23994,31964,23998,24002,24449,19165,,
TX,202407  ,23877,24038,23711,23780,-71,-0.30%,76267.0,-,-,23770,23780,24449,19165,,
TX,202407  ,23980,24000,23647,23679,-315,-1.31%,82666.0,0,16600,23677,23679,24449,19165,,
TX,202407  ,23985,24086,23904,24064,70,0.29%,56544.0,-,-,24060,24065,24449,19165,,
TX,202408  ,23294,23444,23154,23383,-396,-1.67%,126201.0,23387,84604,23382,23386,24442,20959,,
TX,202408  ,23703,23733,23195,23238,-541,-2.28%,98066.0,-,-,23236,23239,24442,20959,,
TX,202408  ,23148,23185,22853,22909,-478,-2.04%,126482.0,22907,81798,22907,22909,24442,20959,,
TX,202408  ,23519,23592,22872,23050,-337,-1.44%,169050.0,-,-,23050,23054,24442,20959,,
TX,202408  ,22859,22906,22184,22379,-528,-2.30%,177941.0,22374,85117,22373,22380,24442,20959,,
TX,202408  ,22878,23009,22692,22785,-122,-0.53%,106983.0,-,-,22783,22785,24442,20959,,
TX,202408  ,22600,22871,22571,22830,456,2.04%,95310.0,22835,81335,22829,22830,24442,20959,,
TX,202408  ,22399,22688,22366,22647,273,1.22%,72294.0,-,-,22640,22643,24442,20959,,
TX,202408  ,22028,22156,21918,22095,-740,-3.24%,121567.0,22096,80936,22087,22095,24442,20959,,
TX,202408  ,22828,22866,22674,22720,-115,-0.50%,70956.0,-,-,22719,22721,24442,20959,,
TX,202408  ,22430,22519,22146,22261,165,0.75%,99245.0,22256,80737,22261,22262,24442,20959,,
TX,202408  ,22080,22345,22076,22253,157,0.71%,74534.0,-,-,22240,22254,24442,20959,,
TX,202408  ,21933,22299,21809,22246,-10,-0.04%,126029.0,22252,81657,22246,22248,24442,20959,,
TX,202408  ,22243,22266,21884,22001,-255,-1.15%,74452.0,-,-,22001,22006,24442,20959,,
TX,202408  ,22050,22348,22013,22290,38,0.17%,109982.0,22284,80444,22287,22290,24442,20959,,
TX,202408  ,22250,22317,21786,21898,-354,-1.59%,91579.0,-,-,21897,21900,24442,20959,,
TX,202408  ,22721,22728,22460,22653,369,1.66%,102459.0,22660,83214,22650,22655,24442,20959,,
TX,202408  ,22352,22687,22341,22687,403,1.81%,78971.0,-,-,22683,22687,24442,20959,,
TX,202408  ,22000,22099,21508,21533,-1127,-4.97%,139674.0,21526,87386,21532,21537,24442,20959,,
TX,202408  ,22580,22635,22008,22128,-532,-2.35%,114543.0,-,-,22128,22133,24442,20959,,
TX,202408  ,20712,20742,19374,19374,-2152,-10.00%,211207.0,19374,77869,-,19374,24442,19374,,
TX,202408  ,21495,21524,20951,21097,-429,-1.99%,132785.0,-,-,21054,21107,24442,20951,,
TX,202408  ,20395,20790,19589,20420,1046,5.40%,190100.0,20455,75639,20411,20425,24442,18836,,
TX,202408  ,19374,20375,18836,20223,849,4.38%,168624.0,-,-,20221,20239,24442,18836,,
TX,202408  ,20500,21335,20494,21131,676,3.30%,155051.0,21142,78081,21132,21135,24442,18836,,
TX,202408  ,20332,20746,19947,20320,-135,-0.66%,130921.0,-,-,20286,20313,24442,18836,,
TX,202408  ,20680,21082,20545,20696,-446,-2.11%,121331.0,20698,76723,20691,20700,24442,18836,,
TX,202408  ,21061,21454,20684,20725,-417,-1.97%,122940.0,-,-,20710,20727,24442,18836,,
TX,202408  ,21305,21593,21032,21481,783,3.78%,136829.0,21483,79384,21478,21480,24442,18836,,
TX,202408  ,20801,21444,20565,21429,731,3.53%,113437.0,-,-,21428,21430,24442,18836,,
TX,202408  ,21650,21895,21600,21677,194,0.90%,89347.0,21676,78486,21673,21677,24442,18836,,
TX,202408  ,21507,21820,21331,21561,78,0.36%,105407.0,-,-,21560,21586,24442,18836,,
TX,202408  ,21848,21898,21662,21769,93,0.43%,68585.0,21771,78430,21764,21769,24442,18836,,
TX,202408  ,21633,21924,21560,21803,127,0.59%,73517.0,-,-,21799,21804,24442,18836,,
TX,202408  ,22104,22158,21908,21978,207,0.95%,85768.0,21996,80441,21978,21984,24442,18836,,
TX,202408  ,21805,22140,21692,22113,342,1.57%,66253.0,-,-,22108,22113,24442,18836,,
TX,202408  ,21993,22114,21836,21840,-156,-0.71%,71553.0,21840,78839,21837,21840,24442,18836,,
TX,202408  ,22018,22202,21731,21954,-42,-0.19%,92122.0,-,-,21945,21955,24442,18836,,
TX,202408  ,22324,22447,22277,22367,527,2.41%,83257.0,22365,73203,22366,22367,24442,18836,,
TX,202408  ,21839,22407,21753,22357,517,2.37%,78240.0,-,-,22353,22357,24442,18836,,
TX,202408  ,22400,22521,22320,22361,-4,-0.02%,103565.0,22361,48532,22359,22361,24442,18836,,
TX,202408  ,22368,22401,22166,22343,-22,-0.10%,63139.0,-,-,22342,22351,24442,18836,,
TX,202408  ,22555,22574,22389,22436,75,0.34%,84420.0,22435,27430,22436,22441,24442,18836,,
TX,202408  ,22325,22578,22246,22555,194,0.87%,51466.0,-,-,22553,22557,24442,18836,,
TX,202408  ,22311,22344,22151,22200,-235,-1.05%,47368.0,0,13630,22200,22201,24442,18836,,
TX,202408  ,22441,22496,22254,22313,-122,-0.54%,46391.0,-,-,22304,22313,24442,18836,,
TX,202409  ,22229,22277,22026,22100,-102,-0.46%,72407.0,22100,80840,22100,22104,24441,15810,,
TX,202409  ,22220,22301,22014,22254,52,0.23%,70802.0,-,-,22253,22258,24441,15810,,
TX,202409  ,21942,22170,21865,22129,29,0.13%,67429.0,22123,80092,22125,22128,24441,15810,,
TX,202409  ,22157,22298,21765,21833,-267,-1.21%,92821.0,-,-,21831,21841,24441,15810,,
TX,202409  ,22230,22450,22131,22206,83,0.38%,82518.0,22210,83602,22204,22206,24441,15810,,
TX,202409  ,22118,22439,22075,22290,167,0.75%,85430.0,-,-,22289,22290,24441,15810,,
TX,202409  ,22112,22210,21998,22146,-64,-0.29%,64037.0,22152,81648,22146,22159,24441,15810,,
TX,202409  ,22192,22313,21992,22085,-125,-0.56%,56362.0,-,-,22079,22083,24441,15810,,
TX,202409  ,22181,22414,22048,22401,249,1.12%,77112.0,22405,82358,22400,22404,24441,15810,,
TX,202409  ,22159,22315,22066,22238,86,0.39%,63385.0,-,-,22237,22238,24441,15810,,
TX,202409  ,21938,22245,21900,22176,-229,-1.02%,80378.0,22167,79788,22174,22176,24441,15810,,
TX,202409  ,22431,22552,22099,22150,-255,-1.14%,81462.0,-,-,22150,22158,24441,15810,,
TX,202409  ,22320,22366,22213,22323,156,0.70%,62747.0,22318,82251,22321,22323,24441,15810,,
TX,202409  ,22200,22478,22193,22281,114,0.51%,76830.0,-,-,22278,22281,24441,15810,,
TX,202409  ,22318,22448,22172,22227,-91,-0.41%,72350.0,22212,84141,22224,22232,24441,15810,,
TX,202409  ,22318,22394,22095,22300,-18,-0.08%,67766.0,-,-,22297,22299,24441,15810,,
TX,202409  ,22205,22314,22000,22070,-142,-0.64%,72699.0,22051,82306,22065,22072,24441,15810,,
TX,202409  ,22215,22267,22062,22220,8,0.04%,32432.0,-,-,22210,22220,24441,15810,,
TX,202409  ,21246,21347,20828,20947,-1104,-5.01%,139676.0,20940,75158,20938,20944,24441,15810,,
TX,202409  ,22089,22154,21336,21364,-687,-3.12%,98691.0,-,-,21361,21364,24441,15810,,
TX,202409  ,21310,21454,21056,21183,243,1.16%,85120.0,21183,73170,21179,21185,24441,15810,,
TX,202409  ,20960,21423,20916,21236,296,1.41%,89889.0,-,-,21228,21235,24441,15810,,
TX,202409  ,21211,21435,21013,21319,136,0.64%,92055.0,21316,72351,21316,21320,24441,15810,,
TX,202409  ,21176,21475,21125,21362,179,0.85%,85570.0,-,-,21357,21363,24441,15810,,
TX,202409  ,20734,21125,20616,21073,-243,-1.14%,95274.0,21083,71092,21076,21078,24441,15810,,
TX,202409  ,21299,21530,20550,20560,-756,-3.55%,139419.0,-,-,20558,20562,24441,15810,,
TX,202409  ,21233,21281,20905,21000,-83,-0.39%,96570.0,21005,69425,20998,21000,24441,15810,,
TX,202409  ,21106,21348,21073,21310,227,1.08%,70473.0,-,-,21302,21310,24441,15810,,
TX,202409  ,21100,21130,20950,21005,0,0.00%,74321.0,21006,70009,21005,21009,24441,15810,,
TX,202409  ,21023,21185,20819,21145,140,0.67%,84605.0,-,-,21142,21145,24441,15810,,
TX,202409  ,21597,21780,21461,21711,705,3.36%,91690.0,21703,67746,21707,21711,24441,15810,,
TX,202409  ,21066,21580,20880,21517,511,2.43%,117032.0,-,-,21520,21524,24441,15810,,
TX,202409  ,21800,21833,21657,21820,117,0.54%,74408.0,21815,53424,21820,21824,24441,15810,,
TX,202409  ,21702,21895,21579,21802,99,0.46%,72640.0,-,-,21801,21809,24441,15810,,
TX,202409  ,21807,21871,21735,21813,-2,-0.01%,72650.0,21815,28744,21813,21816,24441,15810,,
TX,202409  ,21789,21892,21745,21839,24,0.11%,42886.0,-,-,21832,21838,24441,15810,,
TX,202409  ,21730,21872,21560,21619,-196,-0.90%,46802.0,0,17137,21618,21619,24441,15810,,
TX,202409  ,21800,21849,21600,21739,-76,-0.35%,44021.0,-,-,21726,21744,24441,15810,,
TX,202410  ,21763,22082,21661,22074,380,1.75%,82818.0,22075,73946,22072,22074,23578,18900,,
TX,202410  ,21714,21950,21605,21651,-43,-0.20%,73900.0,-,-,21650,21652,23578,18900,,
TX,202410  ,22345,22425,22186,22220,145,0.66%,69559.0,22216,77252,22218,22220,23578,18900,,
TX,202410  ,22099,22434,22083,22353,278,1.26%,62929.0,-,-,22349,22353,23578,18900,,
TX,202410  ,22291,22392,22258,22338,122,0.55%,52925.0,22338,79093,22335,22344,23578,18900,,
TX,202410  ,22228,22281,22097,22194,-22,-0.10%,51196.0,-,-,22192,22194,23578,18900,,
TX,202410  ,22298,22508,22152,22491,153,0.68%,77440.0,22493,76019,22490,22492,23578,18900,,
TX,202410  ,22300,22390,22194,22318,-20,-0.09%,47069.0,-,-,22313,22318,23578,18900,,
TX,202410  ,22835,22860,22739,22792,299,1.33%,63897.0,22792,79930,22788,22794,23578,18900,,
TX,202410  ,22553,22903,22504,22825,332,1.48%,72211.0,-,-,22826,22835,23578,18900,,
TX,202410  ,23034,23078,22892,22957,165,0.72%,65948.0,22957,81470,22955,22957,23578,18900,,
TX,202410  ,22766,23031,22747,22939,147,0.64%,56816.0,-,-,22936,22942,23578,18900,,
TX,202410  ,23190,23195,22878,22884,-73,-0.32%,75657.0,22892,82677,22882,22884,23578,18900,,
TX,202410  ,23007,23395,23006,23211,254,1.11%,89033.0,-,-,23202,23212,23578,18900,,
TX,202410  ,22699,22755,22316,22326,-566,-2.47%,87164.0,22326,80080,22326,22328,23578,18900,,
TX,202410  ,22873,22981,22632,22651,-241,-1.05%,80351.0,-,-,22645,22658,23578,18900,,
TX,202410  ,22246,22463,22228,22391,65,0.29%,57504.0,22391,80872,22390,22398,23578,18900,,
TX,202410  ,22334,22435,22006,22210,-116,-0.52%,72570.0,-,-,22202,22211,23578,18900,,
TX,202410  ,22331,22507,22250,22284,-107,-0.48%,83107.0,22288,79065,22281,22288,23578,18900,,
TX,202410  ,22403,22439,21889,22100,-291,-1.30%,90035.0,-,-,22103,22107,23578,18900,,
TX,202410  ,22570,22808,22539,22779,491,2.20%,76667.0,22767,82989,22776,22780,23578,18900,,
TX,202410  ,22324,22660,22237,22522,234,1.05%,77852.0,-,-,22522,22526,23578,18900,,
TX,202410  ,22606,22634,22392,22575,-192,-0.84%,73369.0,22578,77985,22575,22582,23578,18900,,
TX,202410  ,22751,22757,22453,22560,-207,-0.91%,57793.0,-,-,22559,22570,23578,18900,,
TX,202410  ,22770,22888,22666,22702,124,0.55%,66303.0,22699,78346,22700,22702,23578,18900,,
TX,202410  ,22599,22834,22542,22791,213,0.94%,53356.0,-,-,22787,22791,23578,18900,,
TX,202410  ,22829,23047,22794,22912,213,0.94%,69251.0,22911,77427,22912,22915,23578,18900,,
TX,202410  ,22666,22836,22569,22789,90,0.40%,51693.0,-,-,22784,22790,23578,18900,,
TX,202410  ,22987,23049,22818,23008,97,0.42%,85874.0,23005,51580,23008,23012,23578,18900,,
TX,202410  ,22911,23076,22817,23040,129,0.56%,40044.0,-,-,23035,23040,23578,18900,,
TX,202410  ,23168,23386,23101,23225,220,0.96%,79192.0,23228,32192,23224,23226,23578,18900,,
TX,202410  ,23050,23196,23017,23160,155,0.67%,36452.0,-,-,23157,23160,23578,18900,,
TX,202410  ,22897,23203,22855,22986,-242,-1.04%,47339.0,0,17616,22986,22987,23578,18900,,
TX,202410  ,23211,23262,22809,22870,-358,-1.54%,63237.0,-,-,22871,22877,23578,18900,,
TX,202411  ,23142,23277,23005,23256,195,0.85%,75826.0,23256,71693,23256,23258,23441,20599,,
TX,202411  ,23059,23248,23025,23175,114,0.49%,43348.0,-,-,23172,23176,23441,20599,,
TX,202411  ,23820,23840,23527,23657,401,1.72%,90326.0,23657,74956,23658,23659,23988,20599,,
TX,202411  ,23497,23988,23450,23884,628,2.70%,90663.0,-,-,23884,23886,23988,20599,,
TX,202411  ,23810,23836,23566,23567,-90,-0.38%,53481.0,23574,74766,23570,23575,23988,20599,,
TX,202411  ,23686,23883,23686,23725,68,0.29%,47207.0,-,-,23725,23727,23988,20599,,
TX,202411  ,23560,23637,23332,23633,59,0.25%,70377.0,23621,72949,23629,23633,23988,20599,,
TX,202411  ,23560,23688,23431,23660,86,0.36%,56166.0,-,-,23655,23668,23988,20599,,
TX,202411  ,23498,23511,23336,23406,-215,-0.91%,65409.0,23409,72810,23403,23407,23988,20599,,
TX,202411  ,23611,23667,23476,23561,-60,-0.25%,46553.0,-,-,23560,23566,23988,20599,,
TX,202411  ,23383,23449,23203,23304,-105,-0.45%,73038.0,23290,71208,23301,23304,23988,20599,,
TX,202411  ,23402,23465,23133,23300,-109,-0.47%,68271.0,-,-,23300,23303,23988,20599,,
TX,202411  ,23270,23487,23252,23481,191,0.82%,57307.0,23476,74207,23479,23481,23988,20599,,
TX,202411  ,23290,23421,23206,23287,-3,-0.01%,45408.0,-,-,23274,23287,23988,20599,,
TX,202411  ,23650,23657,23216,23326,-150,-0.64%,84796.0,23322,74614,23320,23327,23988,20599,,
TX,202411  ,23461,23709,23461,23551,75,0.32%,52029.0,-,-,23547,23551,23988,20599,,
TX,202411  ,23137,23148,22693,22976,-346,-1.48%,107580.0,22979,74625,22975,22976,23988,20599,,
TX,202411  ,23334,23386,23123,23168,-154,-0.66%,48705.0,-,-,23164,23176,23988,20599,,
TX,202411  ,23072,23145,22845,22904,-75,-0.33%,63255.0,22901,73683,22901,22904,23988,20599,,
TX,202411  ,23016,23138,22879,23055,76,0.33%,48737.0,-,-,23045,23055,23988,20599,,
TX,202411  ,22397,22822,22232,22753,-148,-0.65%,87411.0,22767,71644,22753,22756,23988,20599,,
TX,202411  ,22939,22996,22635,22700,-201,-0.88%,63036.0,-,-,22699,22700,23988,20599,,
TX,202411  ,22767,23046,22700,23041,274,1.20%,65879.0,23036,72446,23037,23040,23988,20599,,
TX,202411  ,22756,22986,22692,22781,14,0.06%,51790.0,-,-,22780,22782,23988,20599,,
TX,202411  ,22808,23239,22782,23135,99,0.43%,73010.0,23137,72684,23136,23142,23988,20599,,
TX,202411  ,23039,23107,22801,22848,-188,-0.82%,49475.0,-,-,22847,22855,23988,20599,,
TX,202411  ,23250,23448,23051,23324,187,0.81%,102643.0,23319,74000,23324,23327,23988,20599,,
TX,202411  ,23136,23346,23047,23250,113,0.49%,46978.0,-,-,23248,23249,23988,20599,,
TX,202411  ,23183,23576,23085,23532,213,0.91%,78519.0,23525,75116,23533,23534,23988,20599,,
TX,202411  ,23385,23475,22938,23241,-78,-0.33%,81016.0,-,-,23240,23248,23988,20599,,
TX,202411  ,23772,23794,23528,23781,256,1.09%,71139.0,23774,73378,23779,23781,23988,20599,,
TX,202411  ,23555,23744,23478,23741,216,0.92%,40523.0,-,-,23736,23742,23988,20599,,
TX,202411  ,23555,23632,23309,23573,-201,-0.85%,71558.0,23572,74767,23573,23575,23988,20599,,
TX,202411  ,23758,23840,23494,23564,-210,-0.88%,61076.0,-,-,23564,23565,23988,20599,,
TX,202411  ,23013,23242,22863,22869,-703,-2.98%,84421.0,22875,73649,22868,22870,23988,20599,,
TX,202411  ,23554,23564,22958,23114,-458,-1.94%,63036.0,-,-,23109,23120,23988,20599,,
TX,202411  ,22755,23015,22730,22783,-92,-0.40%,73177.0,22786,70949,22779,22783,23988,20599,,
TX,202411  ,22871,22926,22572,22835,-40,-0.17%,72717.0,-,-,22830,22839,23988,20599,,
TX,202411  ,22786,22880,22576,22684,-102,-0.45%,86815.0,22692,70720,22680,22685,23988,20599,,
TX,202411  ,22840,23078,22674,22805,19,0.08%,73131.0,-,-,22802,22810,23988,20599,,
TX,202411  ,22710,22930,22684,22759,67,0.30%,71504.0,22762,68388,22758,22760,23988,20599,,
TX,202411  ,22649,22879,22592,22708,16,0.07%,53368.0,-,-,22704,22707,23988,20599,,
TX,202411  ,22654,22789,22544,22574,-188,-0.83%,93348.0,22573,45523,22572,22577,23988,20599,,
TX,202411  ,22733,22832,22470,22550,-212,-0.93%,55490.0,-,-,22550,22556,23988,20599,,
TX,202411  ,22641,22995,22592,22850,277,1.23%,90975.0,22848,22530,22849,22850,23988,20599,,
TX,202411  ,22588,22659,22339,22622,49,0.22%,53649.0,-,-,22622,22623,23988,20599,,
TX,202411  ,22906,22956,22668,22686,-162,-0.71%,40197.0,0,12357,22686,22687,23988,20599,,
TX,202411  ,22874,22929,22654,22858,10,0.04%,56943.0,-,-,22851,22860,23988,20599,,
TX,202412  ,22647,22733,22514,22573,-206,-0.90%,74026.0,22575,76311,22571,22578,24463,16885,,
TX,202412  ,22805,22822,22496,22746,-33,-0.14%,55520.0,-,-,22745,22749,24463,16885,,
TX,202412  ,22811,23066,22780,23038,463,2.05%,71376.0,23032,75719,23035,23038,24463,16885,,
TX,202412  ,22588,22837,22393,22801,226,1.00%,91974.0,-,-,22794,22800,24463,16885,,
TX,202412  ,23254,23287,23014,23066,34,0.15%,61805.0,23062,81318,23063,23066,24463,16885,,
TX,202412  ,23064,23137,22976,23052,20,0.09%,46783.0,-,-,23045,23051,24463,16885,,
TX,202412  ,22710,22845,22615,22636,-426,-1.85%,68259.0,22634,81107,22636,22638,24463,16885,,
TX,202412  ,23021,23030,22775,22855,-207,-0.90%,48363.0,-,-,22850,22855,24463,16885,,
TX,202412  ,22600,22690,22341,22347,-287,-1.27%,67320.0,22352,81400,22343,22348,24463,16885,,
TX,202412  ,22622,22762,22493,22651,17,0.08%,50607.0,-,-,22647,22652,24463,16885,,
TX,202412  ,22302,22385,22117,22337,-15,-0.07%,75167.0,22330,81045,22335,22337,24463,16885,,
TX,202412  ,22395,22468,22047,22268,-84,-0.38%,62298.0,-,-,22269,22273,24463,16885,,
TX,202412  ,22210,22438,22004,22313,-17,-0.08%,84632.0,22307,79496,22309,22311,24463,16885,,
TX,202412  ,22333,22333,22183,22277,-53,-0.24%,21722.0,-,-,22276,22280,24463,16885,,
TX,202412  ,22530,22828,22498,22827,520,2.33%,61921.0,22822,78718,22825,22828,24463,16885,,
TX,202412  ,22297,22579,22160,22548,241,1.08%,55241.0,-,-,22543,22547,24463,16885,,
TX,202412  ,23152,23191,22999,23112,290,1.27%,64384.0,23111,77052,23110,23112,24463,16885,,
TX,202412  ,22832,23129,22803,23102,280,1.23%,41164.0,-,-,23103,23104,24463,16885,,
TX,202412  ,23200,23296,23071,23294,183,0.79%,52064.0,23286,75381,23294,23295,24463,16885,,
TX,202412  ,23086,23187,22936,23166,55,0.24%,55006.0,-,-,23165,23166,24463,16885,,
TX,202412  ,23260,23328,23211,23251,-35,-0.15%,45283.0,23252,74237,23251,23259,24463,16885,,
TX,202412  ,23275,23365,23184,23317,31,0.13%,38809.0,-,-,23316,23324,24463,16885,,
TX,202412  ,23321,23360,23134,23179,-73,-0.31%,60688.0,23180,73146,23175,23179,24463,16885,,
TX,202412  ,23268,23453,23241,23346,94,0.40%,32696.0,-,-,23343,23346,24463,16885,,
TX,202412  ,23193,23287,23170,23249,69,0.30%,47014.0,23250,73376,23249,23254,24463,16885,,
TX,202412  ,23210,23328,23172,23252,72,0.31%,36462.0,-,-,23250,23252,24463,16885,,
TX,202412  ,23228,23337,23026,23090,-160,-0.69%,70540.0,23078,74389,23087,23091,24463,16885,,
TX,202412  ,23235,23477,23216,23219,-31,-0.13%,47438.0,-,-,23216,23221,24463,16885,,
TX,202412  ,22887,23055,22824,22848,-230,-1.00%,60252.0,22847,76378,22847,22849,24463,16885,,
TX,202412  ,23081,23144,22841,22850,-228,-0.99%,47047.0,-,-,22842,22850,24463,16885,,
TX,202412  ,23004,23211,23003,23107,260,1.14%,59344.0,23107,77376,23106,23109,24463,16885,,
TX,202412  ,22864,23063,22800,23044,197,0.86%,39846.0,-,-,23038,23044,24463,16885,,
TX,202412  ,22996,23092,22888,22986,-121,-0.52%,64309.0,22984,73029,22985,22988,24463,16885,,
TX,202412  ,23107,23142,22850,22899,-208,-0.90%,45772.0,-,-,22896,22899,24463,16885,,
TX,202412  ,23220,23270,22946,22961,-23,-0.10%,95042.0,22966,44146,22960,22961,24463,16885,,
TX,202412  ,22999,23226,22933,23148,164,0.71%,50098.0,-,-,23147,23150,24463,16885,,
TX,202412  ,23105,23215,23024,23031,65,0.28%,77090.0,23030,27667,23030,23033,24463,16885,,
TX,202412  ,22987,23173,22962,23113,147,0.64%,36868.0,-,-,23112,23115,24463,16885,,
TX,202412  ,22937,23200,22902,23105,75,0.33%,44222.0,0,12952,23104,23105,24463,16885,,
TX,202412  ,23025,23029,22836,22961,-69,-0.30%,42129.0,-,-,22961,22963,24463,16885,,
TX,202501  ,22747,22906,22718,22849,-330,-1.42%,72523.0,22852,72346,22849,22853,23996,22039,,
TX,202501  ,23196,23386,22602,22698,-481,-2.08%,63190.0,-,-,22690,22698,23996,22039,,
TX,202501  ,22767,22793,22590,22635,-217,-0.95%,75535.0,22631,71133,22633,22635,23996,22039,,
TX,202501  ,22859,22972,22793,22808,-44,-0.19%,52480.0,-,-,22805,22808,23996,22039,,
TX,202501  ,22904,23245,22899,23242,611,2.70%,67589.0,23233,73230,23240,23242,23996,22039,,
TX,202501  ,22677,22966,22519,22893,262,1.16%,67657.0,-,-,22887,22891,23996,22039,,
TX,202501  ,23430,23459,23187,23216,-17,-0.07%,47581.0,23201,72189,23213,23215,23996,22039,,
TX,202501  ,23249,23445,23145,23444,211,0.91%,49944.0,-,-,23440,23444,23996,22039,,
TX,202501  ,23340,23349,23240,23329,128,0.55%,32836.0,23326,72934,23327,23330,23996,22039,,
TX,202501  ,23232,23376,23204,23352,151,0.65%,25579.0,-,-,23345,23352,23996,22039,,
TX,202501  ,23358,23380,23285,23326,0,0.00%,27231.0,23326,74328,23326,23329,23996,22039,,
TX,202501  ,23336,23421,23274,23327,1,0.00%,10266.0,-,-,23317,23328,23996,22039,,
TX,202501  ,23194,23378,23148,23372,46,0.20%,43009.0,23372,73146,23372,23377,23996,22039,,
TX,202501  ,23306,23357,23203,23255,-71,-0.30%,30690.0,-,-,23255,23258,23996,22039,,
TX,202501  ,23202,23324,23154,23177,-195,-0.83%,37022.0,23171,73059,23174,23177,23996,22039,,
TX,202501  ,23382,23391,23089,23214,-158,-0.68%,47822.0,-,-,23205,23210,23996,22039,,
TX,202501  ,22998,23110,22955,23041,-130,-0.56%,48455.0,23044,72625,23041,23046,23996,22039,,
TX,202501  ,23150,23195,22920,23046,-125,-0.54%,46961.0,-,-,23033,23044,23996,22039,,
